name,email,phone
sanjay,sadfas@gmail.com,9658741252
demo,sadfas@gmail.com,9658741252
adasdf,sadfas@gmail.com,9658741252
sanjay,sadfas@gmail.com,9658741252
demo,sadfas@gmail.com,9658741252
adasdf,sadfas@gmail.com,9658741252
sanjay,sadfas@gmail.com,9658741252
demo,sadfas@gmail.com,9658741252
adasdf,sadfas@gmail.com,9658741252
sanjay,sadfas@gmail.com,9658741252
demo,sadfas@gmail.com,9658741252
adasdf,sadfas@gmail.com,9658741252
sanjay,sadfas@gmail.com,9658741252
demo,sadfas@gmail.com,9658741252
adasdf,sadfas@gmail.com,9658741252
sanjay,sadfas@gmail.com,9658741252
demo,sadfas@gmail.com,9658741252
adasdf,sadfas@gmail.com,9658741252
sanjay,sadfas@gmail.com,9658741252
demo,sadfas@gmail.com,9658741252
adasdf,sadfas@gmail.com,9658741252
sanjay,sadfas@gmail.com,9658741252
demo,sadfas@gmail.com,9658741252
adasdf,sadfas@gmail.com,9658741252
